atc;drug;score
N06AA09;amitriptylin;3
N06AA10;nortriptylin;3
N06AA04;clomipramin;3
N06AB05;paroxetin;3
G04BD04;oxybutynin;3
G04BD07;tolterodin;3
G04BD08;solifenacin;3
G04BD10;darifenacin;3
N05BB01;hydroxyzin;3
R06AD02;promethazin;3
R06AA04;clemastin;3
N05AH03;olanzapin;3
N05AH04;quetiapin;3
N05AH02;clozapin;3
A04AD01;scopolamin;3
N03AF01;carbamazepin;2
M03BX01;baclofen;2
C03CA01;furosemid;1
C01AA05;digoxin;1
B01AA03;warfarin;1
C07AB02;metoprolol;1
C08CA01;amlodipin;1
R05DA04;codein;1
N02AX02;tramadol;1
H02AB06;prednisolon;1
N06AX05;trazodon;1
N05AX08;risperidon;1
N05AD01;haloperidol;1
N05BA01;diazepam;1
N05BA12;alprazolam;1
N05BA04;oxazepam;1
A07DA03;loperamid;1
R06AE07;cetirizin;1
R06AX13;loratadin;1
