rule_id;diagnosis_prefix;atc_prefix;severity;decision;description;recommendation
hf_nsaid;DI50;M01A;high;stop;"NSAID giver væske- og saltretention og kan udløse forværring af hjertesvigt.";"Seponér NSAID. Brug paracetamol som smertebehandling."
hf_nondhp;DI50;C08D;moderate;stop;"Verapamil og diltiazem har negativ inotrop effekt.";"Undgås ved hjertesvigt med nedsat uddrivningsfraktion."
falls_hypnotic;DR296;N05C;high;adjust;"Hypnotika øger risikoen for fald og hoftebrud hos ældre.";"Overvej gradvis udtrapning og ikke-farmakologisk søvnbehandling."
falls_anxiolytic;DR296;N05B;high;adjust;"Benzodiazepiner øger risikoen for fald og hoftebrud hos ældre.";"Overvej gradvis udtrapning."
falls_tca;DR296;N06AA;moderate;adjust;"Tricykliske antidepressiva giver sedation og ortostatisk hypotension.";"Overvej dosisreduktion eller skift til mindre sederende alternativ."
falls_antipsych;DR296;N05A;moderate;adjust;"Antipsykotika øger risikoen for fald.";"Vurdér fortsat indikation og laveste effektive dosis."
dementia_anticholinergic;DF0;G04BD;high;stop;"Urologiske antikolinergika kan forværre kognitiv funktion ved demens.";"Seponér og overvej mirabegron eller ikke-farmakologisk behandling."
alzheimer_anticholinergic;DG30;G04BD;high;stop;"Urologiske antikolinergika kan forværre kognitiv funktion ved demens.";"Seponér og overvej mirabegron eller ikke-farmakologisk behandling."
ckd_nsaid;DN18;M01A;high;stop;"NSAID kan forværre kronisk nyresygdom.";"Seponér NSAID."
ulcer_nsaid;DK25;M01A;high;stop;"NSAID øger risikoen for ulcusrecidiv og blødning.";"Seponér NSAID eller kombinér med PPI hvis absolut nødvendigt."
copd_betablocker;DJ44;C07AA;moderate;adjust;"Non-selektive betablokkere kan udløse bronkospasme.";"Skift til kardioselektiv betablokker."
parkinson_antipsych;DG20;N05A;high;stop;"Dopaminantagonister forværrer parkinsonisme.";"Undgås - overvej quetiapin eller clozapin efter specialistvurdering."
bph_anticholinergic;DN40;G04BD;moderate;adjust;"Antikolinergika øger risikoen for urinretention ved prostatahyperplasi.";"Vurdér indikation og overvej alternativ."
