rule_id;atc_a;atc_b;severity;decision;title;description;recommendation
nsaid_anticoag;M01A;B01A;high;stop;"NSAID + antitrombotisk middel";"Markant øget risiko for blødning, særligt fra mave-tarm-kanalen.";"Undgå kombinationen - skift NSAID til paracetamol. Giv PPI hvis kombinationen er uundgåelig."
nsaid_acei;M01A;C09A;moderate;stop;"NSAID + ACE-hæmmer";"Nedsat blodtrykssænkende effekt og risiko for akut nyreskade, særligt sammen med diuretika.";"Undgå NSAID. Kontrollér kreatinin og kalium."
nsaid_arb;M01A;C09C;moderate;stop;"NSAID + angiotensin II-antagonist";"Nedsat blodtrykssænkende effekt og risiko for akut nyreskade.";"Undgå NSAID. Kontrollér kreatinin og kalium."
nsaid_loop;M01A;C03C;moderate;stop;"NSAID + loop-diuretikum";"NSAID modvirker den diuretiske effekt og øger risikoen for nyreskade og forværret hjertesvigt.";"Undgå NSAID."
digoxin_loop;C01AA05;C03C;moderate;monitor;"Digoxin + loop-diuretikum";"Diuretika-induceret hypokaliæmi øger risikoen for digoxinforgiftning.";"Kontrollér kalium og plasma-digoxin."
simva_amlo;C10AA01;C08CA01;moderate;adjust;"Simvastatin + amlodipin";"Amlodipin øger simvastatin-koncentrationen - risiko for myopati.";"Maks. 20 mg simvastatin dagligt eller skift til atorvastatin."
simva_amio;C10AA01;C01BD01;high;adjust;"Simvastatin + amiodaron";"Betydeligt øget simvastatin-koncentration - risiko for rabdomyolyse.";"Maks. 20 mg simvastatin eller skift statin."
ssri_anticoag;N06AB;B01A;moderate;monitor;"SSRI + antitrombotisk middel";"SSRI hæmmer trombocytfunktionen og øger blødningsrisikoen.";"Vær opmærksom på blødning. Overvej PPI."
ssri_nsaid;N06AB;M01A;high;stop;"SSRI + NSAID";"Kraftigt øget risiko for gastrointestinal blødning.";"Undgå kombinationen."
tramadol_ssri;N02AX02;N06AB;high;stop;"Tramadol + SSRI";"Risiko for serotonergt syndrom og sænket krampetærskel.";"Undgå kombinationen - vælg andet analgetikum."
acei_spiro;C09A;C03DA;moderate;monitor;"ACE-hæmmer + spironolacton";"Risiko for hyperkaliæmi, særligt ved nedsat nyrefunktion.";"Kontrollér kalium og kreatinin inden for 1-2 uger."
tca_zdrug;N06AA;N05CF;moderate;adjust;"Tricyklisk antidepressivum + z-hypnotikum";"Additiv sedation, ortostatisme og øget faldrisiko.";"Overvej at udtrappe et af præparaterne."
benzo_opioid;N05BA;N02A;high;adjust;"Benzodiazepin + opioid";"Additiv CNS- og respirationsdepression.";"Undgå kombinationen eller brug laveste effektive doser."
warfarin_amio;B01AA03;C01BD01;high;adjust;"Warfarin + amiodaron";"Amiodaron øger warfarin-effekten markant.";"Reducér warfarin-dosis og følg INR tæt."
