atc_prefix;drug_class;egfr_below;severity;decision;recommendation;source
A10BA02;metformin;45;moderate;adjust;"Maks. 1000 mg/døgn ved eGFR 30-44. Kontrollér eGFR hver 3.-6. måned.";"Illustrativ"
A10BA02;metformin;30;high;stop;"Kontraindiceret ved eGFR under 30 - seponér.";"Illustrativ"
A10BB;sulfonylurinstoffer;30;high;stop;"Øget risiko for langvarig hypoglykæmi - skift til andet antidiabetikum.";"Illustrativ"
A10BK;SGLT2-hæmmere;20;moderate;stop;"Opstart frarådes ved eGFR under 20.";"Illustrativ"
M01A;NSAID;60;moderate;stop;"Undgå NSAID ved nedsat nyrefunktion - risiko for akut nyreskade. Brug paracetamol.";"Illustrativ"
M01A;NSAID;30;high;stop;"Kontraindiceret ved eGFR under 30.";"Illustrativ"
C01AA05;digoxin;50;moderate;monitor;"Nedsat renal udskillelse - overvej dosisreduktion og mål plasma-digoxin.";"Illustrativ"
B01AF02;apixaban;30;moderate;adjust;"Ved eGFR 15-29: 2,5 mg x 2. Undgås ved eGFR under 15.";"Illustrativ"
B01AF01;rivaroxaban;50;moderate;adjust;"15 mg x 1 ved eGFR 15-49 (atrieflimren).";"Illustrativ"
B01AE07;dabigatran;50;moderate;adjust;"Overvej 110 mg x 2 ved eGFR 30-49.";"Illustrativ"
B01AE07;dabigatran;30;high;stop;"Kontraindiceret ved eGFR under 30.";"Illustrativ"
C03DA01;spironolacton;30;high;stop;"Risiko for hyperkaliæmi - undgås ved eGFR under 30.";"Illustrativ"
N02AX02;tramadol;30;moderate;adjust;"Øg dosisintervallet til 12 timer. Maks. 200 mg/døgn.";"Illustrativ"
N03AX12;gabapentin;60;moderate;adjust;"Dosisreduktion efter nyrefunktion - risiko for sedation og fald.";"Illustrativ"
N02BF02;pregabalin;60;moderate;adjust;"Dosisreduktion efter nyrefunktion - risiko for sedation og fald.";"Illustrativ"
J01XE01;nitrofurantoin;45;moderate;stop;"Nedsat effekt og øget toksicitet - vælg andet præparat.";"Illustrativ"
M04AA01;allopurinol;60;low;adjust;"Start lavt og titrér efter urat og nyrefunktion.";"Illustrativ"
N05AN01;lithium;60;high;monitor;"Tæt monitorering af s-lithium. Overvej alternativ.";"Illustrativ"
