atc_prefix;drug_class;symptom;serious
N06AA;tricykliske antidepressiva;mundtørhed;no
N06AA;tricykliske antidepressiva;obstipation;no
N06AA;tricykliske antidepressiva;svimmelhed;no
N06AA;tricykliske antidepressiva;fald;yes
N06AA;tricykliske antidepressiva;forvirring;yes
G04BD;urologiske antikolinergika;mundtørhed;no
G04BD;urologiske antikolinergika;obstipation;no
G04BD;urologiske antikolinergika;forvirring;yes
N05CF;z-hypnotika;svimmelhed;no
N05CF;z-hypnotika;fald;yes
N05CF;z-hypnotika;forvirring;yes
N05BA;benzodiazepiner;fald;yes
N05BA;benzodiazepiner;forvirring;yes
C03CA;loop-diuretika;svimmelhed;no
C03CA;loop-diuretika;fald;yes
C03CA;loop-diuretika;muskelkramper;no
C09A;ACE-hæmmere;svimmelhed;no
C09A;ACE-hæmmere;hoste;no
C01AA;digitalisglykosider;kvalme;yes
C01AA;digitalisglykosider;synsforstyrrelser;yes
C01AA;digitalisglykosider;forvirring;yes
A10BA;biguanider;diarré;no
A10BA;biguanider;kvalme;no
C10AA;statiner;muskelsmerter;no
M01A;NSAID;mavesmerter;no
M01A;NSAID;ødemer;no
M01A;NSAID;sort afføring;yes
B01A;antitrombotiske midler;blødning;yes
B01A;antitrombotiske midler;sort afføring;yes
A02BC;protonpumpehæmmere;diarré;no
N02A;opioider;obstipation;no
N02A;opioider;svimmelhed;no
N02A;opioider;forvirring;yes
C08CA;calciumantagonister;ødemer;no
C07A;betablokkere;træthed;no
C07A;betablokkere;svimmelhed;no
